id,date,V1,V2,V3,V4,V5,V6,V7,V8,V9,V10,V11,V12,V13,V14,V15,V16
3466819,2023-05-11,Yeni tikili,15 / 20,115 mÂ²,3,var,242 000AZN,vasitÉ™Ã§i (agent),"TÆCÄ°LÄ° ! SATILIR. 3 otaqlÄ± Æla tÉ™mirlidir, tam É™ÅŸyalÄ± satÄ±lÄ±r. ÅŸÉ™hÉ™rÉ™ vÉ™ dÉ™nizÉ™ gÃ¶zÉ™l mÉ™nzÉ™rÉ™si var XÉ™tai park yaÅŸayÄ±ÅŸ kompleksi premium klass binada su qaz iÅŸÄ±q daimidir istilik sistemi kombidir binanÄ±n geniÅŸ hÉ™yÉ™ti 24 saat mÃ¼hafizÉ™ xidmÉ™ti uÅŸaqlar vÉ™ bÃ¶yÃ¼klÉ™r Ã¼Ã§Ã¼n nÉ™zÉ™rdÉ™ tutulmuÅŸ idman meydanÃ§asÄ± istirahÉ™t parkÄ± 4 mÉ™rtÉ™bÉ™li yerÃ¼stÃ¼ dayanacaÄŸÄ± 3 É™dÉ™d sÃ¼rÉ™tli lifti var mÉ™ktÉ™b vÉ™ uÅŸaq baxÃ§asÄ± yaxÄ±nlÄ±qda yerlÉ™ÅŸir dayanacaÄŸa yaxÄ±ndÄ±r Ã‡Ä±xarÄ±ÅŸÄ± var ipoteka yolu ilÉ™ almaq istÉ™yÉ™nlÉ™r dÉ™ mÃ¼raciÉ™t edÉ™ bilÉ™r.",210,XÉ™tai r.,ÆhmÉ™dli q.,,,,,
3204442,2023-05-11,Yeni tikili,6 / 21,155 mÂ²,3,yoxdur,250 000AZN,mÃ¼lkiyyÉ™tÃ§i,"ğŸ‘‰ Yasamal rayonu, Moskva prospekti 8
ğŸ‘‰ MÉ™nzil 20 yanvar metrosunun yaxÄ±nlÄ±ÄŸÄ± Åamaxinkada ""MAÄ°N MTK"" aiddir
ğŸ‘‰ 21 mÉ™rtÉ™bÉ™li binada 6-cÄ± mÉ™rtÉ™bÉ™dÉ™ sahÉ™si 155 kvm olan 3 otaqlÄ± mÉ™nzil
ğŸ‘‰ TÉ™mirdÉ™ yÃ¼ksÉ™k kefiyyÉ™tli materiallardan istifadÉ™ olunub
ğŸ‘‰ Otaqlar geniÅŸ vÉ™ iÅŸÄ±qlÄ±dÄ±r. 2 sanuzel var. Evin pÉ™rdÉ™lÉ™rinÉ™ kimi qoyulub. Qaz su vÉ™ iÅŸÄ±q daimidir.
ğŸ‘‰ Evin qiymÉ™ti 250 000
ğŸ‘‰ ÆtraflÄ± mÉ™lumat Ã¼cÃ¼n É™laqÉ™ saxlaya bilÉ™rsiniz.
--------------------------------------------------
ğŸ‘‰ ĞœĞ¾ÑĞºĞ¾Ğ²ÑĞºĞ¸Ğ¹ Ğ¿Ñ€Ğ¾ÑĞ¿ĞµĞºÑ‚ 8, Ğ¯ÑĞ°Ğ¼Ğ°Ğ»ÑŒÑĞºĞ¸Ğ¹ Ñ€Ğ°Ğ¹Ğ¾Ğ½.
ğŸ‘‰ ĞšĞ²Ğ°Ñ€Ñ‚Ğ¸Ñ€Ğ° Ğ¿Ñ€Ğ¸Ğ½Ğ°Ğ´Ğ»ĞµĞ¶Ğ¸Ñ‚ ""Ğ“Ğ›ĞĞ’ĞĞ«Ğ™ ĞœĞ¢Ğš"" Ğ² Ğ¨Ğ°Ğ¼Ğ°Ñ…Ğ¸Ğ½ĞºĞµ, Ğ²Ğ¾Ğ·Ğ»Ğµ Ğ¼ĞµÑ‚Ñ€Ğ¾ 20 Ğ¯Ğ½Ğ²Ğ°Ñ€Ñ.
ğŸ‘‰ 3-ĞºĞ¾Ğ¼Ğ½Ğ°Ñ‚Ğ½Ğ°Ñ ĞºĞ²Ğ°Ñ€Ñ‚Ğ¸Ñ€Ğ° Ğ¿Ğ»Ğ¾Ñ‰Ğ°Ğ´ÑŒÑ 155 ĞºĞ².Ğ¼ Ğ½Ğ° 6 ÑÑ‚Ğ°Ğ¶Ğµ 21-ÑÑ‚Ğ°Ğ¶Ğ½Ğ¾Ğ³Ğ¾ Ğ´Ğ¾Ğ¼Ğ°
ğŸ‘‰ Ğ’ Ñ€ĞµĞ¼Ğ¾Ğ½Ñ‚Ğµ Ğ¸ÑĞ¿Ğ¾Ğ»ÑŒĞ·Ğ¾Ğ²Ğ°Ğ»Ğ¸ÑÑŒ ĞºĞ°Ñ‡ĞµÑÑ‚Ğ²ĞµĞ½Ğ½Ñ‹Ğµ Ğ¼Ğ°Ñ‚ĞµÑ€Ğ¸Ğ°Ğ»Ñ‹
ğŸ‘‰ ĞšĞ¾Ğ¼Ğ½Ğ°Ñ‚Ñ‹ Ğ¿Ñ€Ğ¾ÑÑ‚Ğ¾Ñ€Ğ½Ñ‹Ğµ Ğ¸ ÑĞ²ĞµÑ‚Ğ»Ñ‹Ğµ. Ğ•ÑÑ‚ÑŒ 2 Ğ²Ğ°Ğ½Ğ½Ñ‹Ğµ ĞºĞ¾Ğ¼Ğ½Ğ°Ñ‚Ñ‹. Ğ•Ğ³Ğ¾ Ñ€Ğ°Ğ·Ğ¼ĞµÑ‰Ğ°ÑÑ‚ Ğ½Ğ° ÑˆÑ‚Ğ¾Ñ€Ğ°Ñ… Ğ´Ğ¾Ğ¼Ğ°. Ğ“Ğ°Ğ· Ğ²Ğ¾Ğ´Ğ° Ğ¸ ÑĞ²ĞµÑ‚ Ğ¿Ğ¾ÑÑ‚Ğ¾ÑĞ½Ğ½Ğ¾.
ğŸ‘‰ Ğ¦ĞµĞ½Ğ° Ğ´Ğ¾Ğ¼Ğ° 250 000
ğŸ‘‰ Ğ’Ñ‹ Ğ¼Ğ¾Ğ¶ĞµÑ‚Ğµ ÑĞ²ÑĞ·Ğ°Ñ‚ÑŒÑÑ Ğ´Ğ»Ñ Ğ¿Ğ¾Ğ»ÑƒÑ‡ĞµĞ½Ğ¸Ñ Ğ´Ğ¾Ğ¿Ğ¾Ğ»Ğ½Ğ¸Ñ‚ĞµĞ»ÑŒĞ½Ğ¾Ğ¹ Ğ¸Ğ½Ñ„Ğ¾Ñ€Ğ¼Ğ°Ñ†Ğ¸Ğ¸.",2005,Yasamal bazarÄ±,Ä°nÅŸaatÃ§Ä±lar m.,Yasamal r.,,,,
3304987,2023-05-11,Yeni tikili,10 / 16,70 mÂ²,2,yoxdur,167 000AZN,vasitÉ™Ã§i (agent),"ğŸ”·ï¸ Qara Qarayev m/st yaxÄ±n
ğŸ”·ï¸ 16/10 cu mÉ™rtÉ™bÉ™si
ğŸ”·ï¸ Qanuni 2 otaqlÄ±,70m2
ğŸ”·ï¸ Tam tÉ™mirli
ğŸ”·ï¸ TÉ™mirdÉ™n sonra yaÅŸayÄ±ÅŸ olmayÄ±b
ğŸ”·ï¸ SÉ™nÉ™d MÃ¼qavilÉ™
ğŸ”·ï¸ Qaz su,iÅŸiq daimidir
ğŸ”·ï¸ QiymÉ™t 167.000 azn",1192,Qara Qarayev m.,Nizami r.,8-ci kilometr q.,,,,
3481348,2023-05-11,Yeni tikili,6 / 27,120 mÂ²,4,var,300 000AZN,vasitÉ™Ã§i (agent),"â€¢	Butun mebel ve texnikasi ile bir yerde satilir!!!
Yasamal Parki  ve Lider TV yani, yeni tikili elit yasayis kompleksi ""QOÅA PARK"", umumi sahesi 120 kv m olan 3 otaqdan 4 otaga duzelme menzil satilir. Mertebe 27/6, super temir, doseme parket, qurasdirilmis metbex mebeli, qaz, su, isiq daimdir, istilik sistemi kombi. Butun senedler qaydasindadir KUPCA VAR. Binada suretli lift, 24 saat muhafize olunur. Yaxinliqda usaq baxcasi,mekteb, dayanacaq, market ve diger iase xidmeti obyektleri yerlesir. 

â€¢	ĞŸÑ€Ğ¾Ğ´Ğ°Ñ‘Ñ‚ÑÑ ÑĞ¾ Ğ²ÑĞµĞ¹ Ğ¼ĞµĞ±ĞµĞ»ÑŒ Ğ¸ Ñ‚ĞµÑ…Ğ½Ğ¸ĞºĞ¾Ğ¹!!!
Ğ ÑĞ´Ğ¾Ğ¼ Ñ Ğ¯ÑĞ°Ğ¼Ğ°Ğ»ÑŒÑĞºĞ¸Ğ¼ ĞŸĞ°Ñ€ĞºĞ¾Ğ¼ Ğ¸ Ğ›Ğ¸Ğ´ĞµÑ€ Ğ¢Ğ’ ĞºĞ°Ğ½Ğ°Ğ»Ğ¾Ğ¼, Ğ² ÑĞ»Ğ¸Ñ‚Ğ½Ğ¾Ğ¹ Ğ¶Ğ¸Ğ»Ğ¾Ğ¼ ĞºĞ¾Ğ¼Ğ¿Ğ»ĞµĞºÑĞµ ""QOÅA PARK"" Ğ¿Ñ€Ğ¾Ğ´Ğ°Ñ‘Ñ‚ÑÑ 3 â€“ Ñ… ĞºĞ¾Ğ¼Ğ½Ğ°Ñ‚Ğ½Ğ°Ñ ĞºĞ²Ğ°Ñ€Ñ‚Ğ¸Ñ€Ğ° Ğ¿ĞµÑ€ĞµĞ´ĞµĞ»Ğ°Ğ½Ğ½Ğ°Ñ Ğ² 4-Ñ… ĞºĞ¾Ğ¼Ğ½Ğ°Ñ‚Ğ½ÑƒÑ Ğ¾Ğ±ÑˆĞµĞ¹ Ğ¿Ğ»Ğ¾Ñ‰Ğ°Ğ´ÑŒÑ 120 ĞºĞ² Ğ¼.. Ğ­Ñ‚Ğ°Ğ¶ 27/6, Ğ¾Ñ‚Ğ»Ğ¸Ñ‡Ğ½Ñ‹Ğ¹ Ñ€ĞµĞ¼Ğ¾Ğ½Ñ‚, Ğ¿Ğ¾Ğ»Ñ‹ Ğ¿Ğ°Ñ€ĞºĞµÑ‚, Ğ²ÑÑ‚Ñ€Ğ¾ĞµĞ½Ğ½Ğ°Ñ ĞºÑƒÑ…Ğ¾Ğ½Ğ½Ğ°Ñ Ğ¼ĞµĞ±ĞµĞ»ÑŒ, Ğ³Ğ°Ğ·, ÑĞ²ĞµÑ‚, Ğ²Ğ¾Ğ´Ğ° ĞºÑ€ÑƒĞ³Ğ»Ğ¾ÑÑƒÑ‚Ğ¾Ñ‡Ğ½Ğ°Ñ, Ğ¾Ñ‚Ğ¾Ğ¿Ğ¸Ñ‚ĞµĞ»ÑŒĞ½Ğ°Ñ ÑĞ¸ÑÑ‚ĞµĞ¼Ğ° ĞºĞ¾Ğ¼Ğ±Ğ¸. Ğ’ÑĞµ Ğ´Ğ¾ĞºÑƒĞ¼ĞµĞ½Ñ‚Ñ‹ Ğ² Ğ¿Ğ¾Ñ€ÑĞ´ĞºĞµ Ğ˜ĞœĞ•Ğ•Ğ¢Ğ¡Ğ¯ ĞšĞ£ĞŸĞ§ĞĞ¯. Ğ’ Ğ·Ğ´Ğ°Ğ½Ğ¸Ğ¸ ÑĞºĞ¾Ñ€Ğ¾ÑÑ‚Ğ½Ñ‹Ğµ Ğ»Ğ¸Ñ„Ñ‚Ñ‹, Ğ¾Ñ…Ñ€Ğ°Ğ½ÑĞµÑ‚ÑÑ 24 Ñ‡Ğ°ÑĞ°. Ğ ÑĞ´Ğ¾Ğ¼ Ğ´ĞµÑ‚ÑĞºĞ¸Ğ¹ ÑĞ°Ğ´, ÑˆĞºĞ¾Ğ»Ğ°, Ğ¼Ğ°Ğ³Ğ°Ğ·Ğ¸Ğ½Ñ‹, Ğ¾ÑÑ‚Ğ°Ğ½Ğ¾Ğ²ĞºĞ° Ğ¸ Ñ‚Ğ´.. 
",6,Yasamal r.,,,,,,
3387733,2023-05-11,Yeni tikili,18 / 19,99.7 mÂ²,2,var,133 000AZN,vasitÉ™Ã§i (agent)," <<<<<<<<<< SUPER TEKLIF >>>>>>>>>>

Ehmedli mt/s yaxinliginda Pit-Sopun arxasinda 19 mertebeli yeni tikilinin 18 ci mertesinde QANUNI genish 2 otaqli temirli SUPER PONARAMALI menzil satilir !!!

KUPCA var IPOTEKAYA tam yararlidir !

Otaqlarda dÃ¶ÅŸÉ™mÉ™ parketdir

BakÄ± ÅŸÉ™hÉ™rinin mÉ™nzÉ™rÉ™si vÉ™ panoramasÄ± eyvanÄ± olan mÉ™tbÉ™xt, 

Sanitar qovÅŸaÄŸÄ±nda ,dÉ™hlizdÉ™,mÉ™tbÉ™xtdÉ™ vÉ™ eyvanda isti dÃ¶ÅŸÉ™mÉ™dir. 

Ä°stilik sistemi kombidir,su,qaz, iÅŸÄ±q 24/7. 

OFIS XIDMET HAQQI 1 %.",237,ÆhmÉ™dli m.,XÉ™tai r.,ÆhmÉ™dli q.,,,,
3433472,2023-05-11,Yeni tikili,15 / 16,103 mÂ²,2,var,198 000AZN,vasitÉ™Ã§i (agent),"TÆCÄ°LÄ° SATILIR.
QAZ  VÆ KUPÃ‡A Ä°LÆ TÆCHÄ°Z OLUNMUÅ YENÄ° TÄ°KÄ°LÄ°.
Metro XÉ™tai, â€œDÉ™mirÃ§i plazaâ€-nÄ±n yanÄ±nda yerlÉ™ÅŸÉ™n
16 mÉ™rtÉ™bÉ™li yeni tikili binanÄ±n 15-ci  mÉ™rtÉ™bÉ™sindÉ™
2 otaqlÄ± yelÃ§É™kÉ™n mÉ™nzil satÄ±lÄ±r.
MÉ™nzil tÉ™mirsizdir, pod mayak. 
MÉ™nzilin sahÉ™si 103 kv.m-dir.
RahatlÄ±qla 3 otaq etmÉ™k mÃ¼mkÃ¼ndÃ¼r. 
BinanÄ±n sÃ¼rÉ™tli liftlÉ™ri, mÃ¼hafizÉ™ olunan hÉ™yÉ™ti vÉ™ s var.

Ğ¡Ğ ĞĞ§ĞĞ ĞŸĞ ĞĞ”ĞĞ•Ğ¢Ğ¡Ğ¯!!!
ĞĞ¾Ğ²Ğ¾ÑÑ‚Ñ€Ğ¾Ğ¹ĞºĞ° Ñ Ğ³Ğ°Ğ·Ğ¾Ğ¼ Ğ¸ ĞºÑƒĞ¿Ñ‡ĞµĞ¹.
ĞĞºĞ¾Ğ»Ğ¾ Ğ¼ĞµÑ‚Ñ€Ğ¾ Ğ¥Ğ°Ñ‚Ğ°Ğ¸ , Ğ¿Ñ€Ğ¾ÑĞ¿ĞµĞºÑ‚ Ğ¥Ğ¾Ğ´Ğ¶Ğ°Ğ»Ñ‹
16-Ğ¸ ÑÑ‚Ğ°Ğ¶Ğ½Ñ‹Ğ¹ Ğ½Ğ¾Ğ²Ğ¾ÑÑ‚Ñ€Ğ¾Ğ¹ĞºĞ° 15-Ğ¹ ÑÑ‚Ğ°Ğ¶
ĞŸÑ€Ğ¾Ğ´Ğ°ĞµÑ‚ÑÑ 2-Ñ… ĞºĞ¾Ğ¼Ğ½Ğ°Ñ‚Ğ½Ğ°Ñ ÑĞºĞ²Ğ¾Ğ·Ğ½Ğ°Ñ ĞºĞ²Ğ°Ñ€Ñ‚Ğ¸Ñ€Ğ°.
ĞšĞ²Ğ°Ñ€Ñ‚Ğ¸Ñ€Ğ° Ğ±ĞµĞ· Ñ€ĞµĞ¼Ğ¾Ğ½Ñ‚Ğ°, Ğ¿Ğ¾Ğ´ Ğ¼Ğ°ÑĞº. 
ĞŸĞ»Ğ¾Ñ‰Ğ°Ğ´ÑŒ Ğ´Ğ¾Ğ¼Ğ° 103 ĞºĞ².Ğ¼. 
ĞœĞ¾Ğ¶Ğ½Ğ¾ Ğ¿ĞµÑ€ĞµĞ´ĞµĞ»Ğ°Ñ‚ÑŒ Ğ² 3-Ñ… ĞºĞ¾Ğ¼Ğ½Ğ°Ñ‚.
Ğ’ Ğ·Ğ´Ğ°Ğ½Ğ¸Ğµ Ğ¸Ğ¼ĞµĞµÑ‚ÑÑ ÑĞºĞ¾Ñ€Ğ¾ÑÑ‚Ğ½Ñ‹Ğµ Ğ»Ğ¸Ñ„Ñ‚Ñ‹, Ğ¾Ñ…Ñ€Ğ°Ğ½ÑĞµĞ¼Ğ°Ñ Ñ‚ĞµÑ€Ñ€Ğ¸Ñ‚Ğ¾Ñ€Ğ¸Ñ. ",96,Åah Ä°smayÄ±l XÉ™tai m.,XÉ™tai r.,,,,,
3481345,2023-05-11,Yeni tikili,11 / 14,88.8 mÂ²,3,yoxdur,144 744AZN,vasitÉ™Ã§i (agent),"Avant Park yaÅŸayÄ±ÅŸ kompleksi bÃ¶yÃ¼k maraÄŸa sahib oldu vÉ™ bÃ¼tÃ¼n mÉ™nzillÉ™r Ã§ox qÄ±sa zamanda satÄ±ldÄ±. AlÄ±cÄ±larÄ±n Ã§oxsaylÄ± sorÄŸularÄ±nÄ± vÉ™ istÉ™klÉ™rini nÉ™zÉ™rÉ™ alaraq layihÉ™ni Avant Vista fazasÄ± ilÉ™ geniÅŸlÉ™ndirmÉ™k qÉ™rarÄ±na gÉ™ldik. HÉ™r iki layihÉ™ bir yerdÉ™ 7.3 hektar yaÅŸÄ±llÄ±qlarla É™hatÉ™ olunmuÅŸ sahÉ™ni É™hatÉ™ edÉ™cÉ™k.
Yasamal rayonu Abbas MirzÉ™ ÅÉ™rifzadÉ™ 241 (Ä°Ã§timai TV) nin yaxÄ±nlÄ±ÄŸÄ±.

MÉ™nzillÉ™r aÄŸ divarlÄ± tÉ™mir tÉ™chizatÄ± ilÉ™ tÉ™hvil verilÉ™cÉ™k:
1. Tavan alÃ§Ä±pan
2. DÃ¶ÅŸÉ™mÉ™ laqalar Ã¼zÉ™rindÉ™ dikt
3. Santexnika iÅŸlÉ™ri
4. Elektrika iÅŸlÉ™ri
5. Daxili divar sÉ™thlÉ™rinÉ™ astar yaxma
6. Sanitar qovÅŸaqlarÄ±nda yerdÉ™nisitmÉ™ sistemi.

YaÅŸayÄ±ÅŸ kompleksinin daxilindÉ™ geniÅŸ infrastruktur nÉ™zÉ™rdÉ™ tutulub:
â€¢ GeniÅŸ vÉ™ yaÅŸÄ±l hÉ™yÉ™tlÉ™r
â€¢ UÅŸaq meydanÃ§asÄ±
â€¢ UÅŸaq baÄŸÃ§asÄ±
â€¢ QapalÄ± Ã¼zgÃ¼Ã§Ã¼lÃ¼k hovuzu
â€¢ AÃ§Ä±q havada idman meydanÃ§asÄ±
â€¢ Spa vÉ™ fitnes mÉ™rkÉ™zi
â€¢ QapalÄ± kinoteatr zalÄ±
â€¢ Kompleks daxili velosiped zolaqlarÄ±
â€¢ AlÄ±ÅŸ-veriÅŸ mÉ™rkÉ™zlÉ™ri
â€¢ YeraltÄ± avtodayanacaq (1000 yerlik)
â€¢ HÉ™r giriÅŸdÉ™ 2-3 É™dÉ™d yÃ¼ksÉ™ksÃ¼rÉ™tli lift
â€¢ Ä°ctimai iaÅŸÉ™ obyektlÉ™ri

Ã–dÉ™niÅŸ ÅŸÉ™rtlÉ™ri:
240 aylÄ±q ipoteka:
- Ä°lkin: 47.000 azn
- AylÄ±q 1.050 azn

120 aylÄ±q ipoteka:
- Ä°lkin: 31.000 azn
- AylÄ±q: 1.600 azn

60 aylÄ±q ipoteka:
- Ä°lkin: 47.000 azn
- AylÄ±q: 2.100 azn

36 aylÄ±q ipoteka:
- Ä°lkin: 47.000 azn
- AylÄ±q: 3.300 azn

18 aylÄ±q faizsiz hissÉ™vi Ã¶dÉ™niÅŸ (daxili kredit):
Ä°lkin: 78.000 azn (50%)
AylÄ±q: 4.250 azn",10,20 Yanvar m.,Yasamal r.,Yasamal q.,,,,
3340269,2023-05-11,Yeni tikili,1 / 5,51 mÂ²,2,var,56 500AZN,vasitÉ™Ã§i (agent),AbÅŸeron rayon MasazÄ±r qÉ™sÉ™bÉ™si QurtuluÅŸ-93 yaÅŸayÄ±ÅŸ kompleksindÉ™ tam tÉ™mirli vÉ™ Ã§Ä±xarÄ±ÅŸlÄ± mÉ™nzil tÉ™cili satÄ±lÄ±r. MÉ™nzili 1 otaqdan 2 otaÄŸa sÉ™liqÉ™li ÅŸÉ™kildÉ™ Ã§eviriblÉ™r. MÉ™nzil ÅŸÉ™xsi yaÅŸayÄ±ÅŸ mÉ™qsÉ™dilÉ™ tÉ™mir olunub. Lakin sonradan iÅŸ yerindÉ™n uzaq olduÄŸundan satmaq qÉ™rarÄ±na gÉ™linib. Ä°nfrastruktur cÉ™hÉ™tdÉ™n É™lveriÅŸli yerdÉ™dir.,571,AbÅŸeron r.,MasazÄ±r q.,,,,,
3340288,2023-05-11,Yeni tikili,5 / 6,71 mÂ²,3,var,70 000AZN,vasitÉ™Ã§i (agent),AbÅŸeron rayon MasazÄ±r qÉ™sÉ™bÉ™si QurtuluÅŸ-93 yaÅŸayÄ±ÅŸ kompleksindÉ™ tam tÉ™mirli vÉ™ Ã§Ä±xarÄ±ÅŸlÄ± mÉ™nzil tÉ™cili satÄ±lÄ±r. MÉ™nzili 2 otaqdan 3 otaÄŸa sÉ™liqÉ™li ÅŸÉ™kildÉ™ Ã§eviriblÉ™r. MÉ™nzil ÅŸÉ™xsi yaÅŸayÄ±ÅŸ mÉ™qsÉ™dilÉ™ tÉ™mir olunub. Lakin sonradan iÅŸ yerindÉ™n uzaq olduÄŸundan satmaq qÉ™rarÄ±na gÉ™linib. Ä°nfrastruktur cÉ™hÉ™tdÉ™n É™lveriÅŸli yerdÉ™dir.,1516,AbÅŸeron r.,MasazÄ±r q.,,,,,
3481343,2023-05-11,KÃ¶hnÉ™ tikili,9 / 9,70 mÂ²,3,var,163 000AZN,vasitÉ™Ã§i (agent),"TÉ™cili  elmlÉ™r metrosunun yani dÉ™yÉ™rindÉ™n aÅŸaÄŸÄ± eksperimental layihÉ™dÉ™ 2/3 duzleme mÉ™nzil satÄ±lÄ±r menzil BakÄ± DÃ¶vlÉ™t universitetinin arxa Ã§Ä±xÄ±ÅŸ qapÄ±sÄ± ilÉ™ Ã¼zbÉ™Ã¼z Ã¼z binada yerlÉ™ÅŸir tam merkezde mÉ™tbuat prospektinde nÉ™ÅŸriyyat ile Ã¼zbÉ™Ã¼z
Real alÄ±cÄ±ya endirim edilÉ™cÉ™k 
Ofis haqi 1 faiz tÉ™ÅŸkil edÉ™cÉ™k ",16,ElmlÉ™r AkademiyasÄ± m.,HÃ¼seyn Cavid parkÄ±,Yasamal r.,Yasamal q.,,,
3481342,2023-05-11,Yeni tikili,8 / 22,86 mÂ²,3,yoxdur,207 000AZN,vasitÉ™Ã§i (agent)," TÆCÄ°LÄ° SATILIR!!!
MÉ™nzil Asan xidmÉ™t 1, Tibb universitetinÉ™ yaxÄ±n yeni tikilidÉ™ yerlÉ™ÅŸir 
SahÉ™si 86 kv
2/3 dÃ¼zÉ™lmÉ™ studio otaq
Super tÉ™mir
Qaz,su,iÅŸÄ±q daimidir
SÉ™nÉ™d MÃ¼qavilÉ™dir 
Real alÄ±cÄ±ya endirim olacaq
Ofis xidmÉ™t haqqÄ± 1%",12,Tibb Universiteti,ASAN XidmÉ™t â„–1,NÉ™rimanov r.,,,,
3469177,2023-05-11,Yeni tikili,16 / 17,136 mÂ²,3,var,213 000AZN,vasitÉ™Ã§i (agent),"Ã‡OC Ã‡OX TÆCÄ°LÄ° SATILIR !!!
DÆYÆRÄ°NDÆN Ã‡OX UCUZ QÄ°YMÆTÆ.
FÃœRSÆTÄ° DÆYÆRLÆNDÄ°RÄ°N.

Azadlig prospekti,AzadlÄ±q metrosunun yaxÄ±nlÄ±qÄ±nda 17 mÉ™rtgÉ™bÉ™li YENÄ° TÄ°KÄ°LÄ° binanÄ±n 17 ci mÉ™rtÉ™bÉ™sindÉ™ tam temirli ÅŸeher menzÉ™rÉ™li QANUNÄ° 3 OTAQLI mÉ™nzil satÄ±lÄ±r..
Binada yaÅŸayÄ±ÅŸ var.
 24 saat nÉ™zarÉ™t olunan avtomobilsiz hÉ™yÉ™t
 2 mÉ™rtÉ™bÉ™li yer altÄ± qaraj liftlÉ™ bir baÅŸa mÉ™nzilÉ™ qalxmag olur.BinanÄ±n yayda sÉ™rin,qÄ±ÅŸda isti olmasÄ± Ã¼Ã§Ã¼n hidro-termo izolyasalÄ± fasadla É™hatÉ™ olunub
 Binada 2É™dÉ™d sÉ™rniÅŸin 1 É™dÉ™d yÃ¼k Ã¼Ã§Ã¼n lÄ±ftlÉ™r var.
QAZ SU Ä°ÅIQ DAÄ°MÄ°DÄ°R.
Real alÄ±cÄ±lara qiymÉ™tfÉ™ cuzi endirim olunacaq.

OFÄ°S HAQQI 1%",80,AzadlÄ±q Prospekti m.,BinÉ™qÉ™di r.,,,,,
3470352,2023-05-11,Yeni tikili,9 / 14,180 mÂ²,4,var,344 000AZN,vasitÉ™Ã§i (agent),"TÉ™cili satilir !

MÉ™nzil NÉ™simi bazarinin yaninda yerlesir 

Hazir kupcali mÉ™nzildir . Ä°POTEKAYA YARARLÄ°DÄ°R 

Yelcekendir,iri iwiqli otaqlari var,

2sanuzel,2balkon var.

Heyetde mawin saxlamaq ucun iri plawatka,uwaq oynamaq ucun reÅŸotkali yeri var.

Binanin altinda iri market ve qadin salonu yerlewir.

Binanin qazi suyu iÅŸigi daimidir 

real alicilar É™laqÉ™ saxlasin 

ofis haqqi 1% tÉ™skil edir !",175,BeÅŸmÉ™rtÉ™bÉ™,Nizami m.,QÄ±ÅŸ parkÄ±,NÉ™simi r.,,,
3451981,2023-05-11,Yeni tikili,3 / 25,90 mÂ²,3,var,169 000AZN,vasitÉ™Ã§i (agent),"Yasamal Rayonu, ÅÉ™fayÉ™t Mehdiyev kucesi, Lider tv, yaxinliginda, QoÅŸa park yaÅŸayiÅŸ kompleksinde, 2 otaqdan, 3 otaqa duzeldilme mÉ™nzil, É™ÅŸyali olaraq satilir, SatiÅŸa tÉ™qdim olunur! Kupca var, ipotekaya tam yararlidir. QOÅA PARK YaÅŸayiÅŸ kompleksinde, DigÉ™r tÉ™mirli, vÉ™ tÉ™mirsiz, mÉ™nzillerlede, zeng ederek mÉ™lumat ala bilersiniz! Ofis Unvan: QoÅŸa Park yaÅŸayiÅŸ kompleksi.",1544,BakÄ± DÃ¶vlÉ™t Universiteti,ElmlÉ™r AkademiyasÄ± m.,Yasamal r.,Yasamal q.,,,
3347243,2023-05-11,Yeni tikili,9 / 17,70 mÂ²,2,yoxdur,165 000AZN,vasitÉ™Ã§i (agent),Qara QarayevdÉ™ yerlÉ™ÅŸÉ™n yeni tikili binada qanuni 2 otaqlÄ± mÉ™nzil satÄ±ÅŸa tÉ™qdim olunur.MÉ™nzilin Ã¼mumi sahÉ™si 70 kv m di.MÉ™nzil yeni tÉ™mirdÉ™n Ã§Ä±xÄ±b vÉ™ tÉ™mirdÉ™n sonra yaÅŸayÄ±ÅŸ olmayÄ±b.Qaz su iÅŸiq daimidi.MÉ™nzilÉ™ baxmaq Ã¼Ã§Ã¼n buyurub É™laqÉ™ saxlaya bilÉ™rsiniz.XidmÉ™t haqqÄ± 1 %,316,Qara Qarayev m.,Nizami r.,,,,,
3471679,2023-05-11,Yeni tikili,3 / 17,205 mÂ²,4,var,268 000AZN,vasitÉ™Ã§i (agent),"!!!TÉ™cili olaraq satÄ±lÄ±r!!!DiqqÉ™tli oxumaÄŸÄ±nÄ±z xais olunur!!

AzadlÄ±q/p metrosuna (5/10 dÉ™qiqÉ™lik mÉ™safÉ™dÉ™) (Prestijli Binada)(Varovski DairÉ™sindÉ™)

Yeni tikil, 17 mÉ™rtÉ™bÉ™li yeni tikilinin 3-cÃ¼ mÉ™rtÉ™bÉ™sindÉ™ iÅŸÄ±qlÄ± vÉ™  mÉ™nzÉ™rÉ™li mÉ™nzil

MÉ™nzil Qanuni 4 otaqlÄ±dÄ±r, SÉ™nÉ™dlÉ™ri kupÃ§adÄ±r, Ä°potekaya yararlÄ±. 

1 Qonaq otaÄŸÄ±
3 Yataq otaÄŸÄ±
1 AyrÄ± mÉ™tbÉ™x
2 Sanuzel
2 Balkon

MÉ™nzil qismÉ™n É™ÅŸyalÄ± satÄ±lÄ±r. 

MÉ™nzil daimi su, iÅŸÄ±q vÉ™ qaz ilÉ™ tÉ™chiz olunur

BinanÄ±n,HÉ™yÉ™ti,YeraltÄ± QarajÄ±(LifdÉ™n birbaÅŸa Ã§Ä±xÄ±ÅŸ,yerlÉ™ÅŸdiyi É™razidÉ™ mÃ¼xtÉ™lif marketlÉ™r, aptek, klinika, mÉ™ktÉ™b, uÅŸaq baÄŸÃ§asÄ±, park fÉ™aliyyÉ™t gÃ¶stÉ™rir.

Real alÄ±cÄ±ya Endirim olunacaÄŸ!!!

ÆlavÉ™ mÉ™lumat Ã¼Ã§Ã¼n É™laqÉ™ saxlayÄ±n

Ofis xidmÉ™ti haqqi 1%",154,AzadlÄ±q Prospekti m.,NÉ™simi m.,NÉ™simi r.,,,,
3459217,2023-05-11,Yeni tikili,7 / 8,75 mÂ²,2,yoxdur,197 000AZN,vasitÉ™Ã§i (agent)," Avrasiya hospitalÄ±n yanÄ±nda yeni tikili binada 2 otaqlÄ± studiyo mÉ™nzil satÄ±lÄ±r.
MÉ™nzil É™ÅŸyalar vÉ™ texnikasÄ± ilÉ™ birlikdÉ™ satÄ±lÄ±r.
Ofis HaqqÄ± 1 %",101,Tibb Universiteti,ASAN XidmÉ™t â„–1,NÉ™simi r.,,,,
3453079,2023-05-11,KÃ¶hnÉ™ tikili,4 / 4,95 mÂ²,3,var,260 000AZN,vasitÉ™Ã§i (agent),"ĞŸĞ¾ ÑƒĞ»Ğ¸Ñ†Ğµ ĞĞ¸Ğ·Ğ°Ğ¼Ğ¸ Ğ¾ĞºĞ¾Ğ»Ğ¾ Ğ›ĞµĞ½Ğ´Ğ¼Ğ°Ñ€ĞºĞ° Ğ¸ 160 ÑˆĞºĞ¾Ğ»Ñ‹,Ğ°Ñ€Ñ…Ğ¸Ñ‚ĞµĞºÑ‚ÑƒÑ€Ğ½Ñ‹Ğ¹ Ğ´Ğ¾Ğ¼, Ğ¿Ğ°Ñ€Ğ°Ğ´Ğ½Ñ‹Ğ¹ Ğ²Ñ…Ğ¾Ğ´ Ñ ÑƒĞ»Ğ¸Ñ†Ñ‹,ĞºÑ€Ñ‹ÑˆĞ° Ñ‡ĞµÑ€Ğ´Ğ°Ñ‡Ğ½Ğ°Ñ,Ğ´Ğ²Ğ° ÑĞ°Ğ½ÑƒĞ·Ğ»Ğ°,Ñ‚Ñ€Ğ¸ Ğ±Ğ°Ğ»ĞºĞ¾Ğ½Ğ°,ĞºĞ¾Ğ¼Ğ½Ğ°Ñ‚Ñ‹ Ñ€Ğ°Ğ·Ğ´ĞµĞ»ÑŒĞ½Ñ‹Ğµ, ĞºĞ²Ğ°Ñ€Ñ‚Ğ¸Ñ€Ğ° Ñ Ñ€ĞµĞ¼Ğ¾Ğ½Ñ‚Ğ¾Ğ¼, Ğ¿Ñ€Ğ¾Ğ´Ğ°ĞµÑ‚ÑÑ ÑĞ¾ Ğ²ÑĞµĞ¹ Ğ¾Ğ±ÑÑ‚Ğ°Ğ½Ğ¾Ğ²ĞºĞ¾Ğ¹ Ğ¸ Ğ±Ñ‹Ñ‚Ğ¾Ğ²Ğ¾Ğ¹ Ñ‚ĞµÑ…Ğ½Ğ¸ĞºĞ¾Ğ¹ ",295,XalÃ§a Muzeyi,Sahil m.,Fontanlar baÄŸÄ±,Sahil baÄŸÄ±,Malokan baÄŸÄ±,AzÉ™rbaycan kinoteatrÄ±,SÉ™bail r.
3444879,2023-05-11,Yeni tikili,7 / 19,130 mÂ²,3,var,215 000AZN,vasitÉ™Ã§i (agent),"XÉ™tai Rayonu GÉ™ncÉ™ prospektindÉ™(HÉ™zi Aslanov)yerlÉ™ÅŸÉ™n yeni tikili binada Qanuni 3 otaqlÄ± tÉ™mirli mÉ™nzil satÄ±ÅŸa tÉ™qdim olunur.MÉ™nzilin Ã¼mumi sahÉ™si 130 kv m di.MÉ™nzilin É™la proyekti var.Otaqlar geniÅŸdi.2balkonu var.SanuzellÉ™r ayrÄ± ayrÄ±dÄ±.KupÃ§a Texpasport var.MÉ™nzilÉ™ baxmaq Ã¼Ã§Ã¼n buyurub É™laqÉ™ saxlaya bilÉ™rsiniz.XidmÉ™t haqqÄ± 1 %
",135,HÉ™zi Aslanov m.,XÉ™tai r.,,,,,
3204184,2023-05-11,Yeni tikili,5 / 21,160 mÂ²,4,yoxdur,250 000AZN,mÃ¼lkiyyÉ™tÃ§i,"ğŸ‘‰ Yasamal rayonu, Moskva prospekti 8 Ã¼nvanÄ±.
ğŸ‘‰ MÉ™nzil 20 yanvar metrosunun yaxÄ±nlÄ±ÄŸÄ±nda Åamaxinkada yerlÉ™ÅŸÉ™n ""MAÄ°N MTK""-ya mÉ™xsusdu.
ğŸ‘‰ 21 mÉ™rtÉ™bÉ™li binada 5-ci mÉ™rtÉ™bÉ™dÉ™ sahÉ™si 160 kvm olan 4 otaqlÄ± mÉ™nzil
ğŸ‘‰ TÉ™mirdÉ™ yÃ¼ksÉ™k kefiyyÉ™tli materiallardan istifadÉ™ olunub
ğŸ‘‰ Otaqlar geniÅŸ vÉ™ iÅŸÄ±qlÄ±dÄ±r. 2 sanÃ¼zel var. Evin pÉ™rdÉ™lÉ™rinÉ™ kimi qoyulub. Qaz su vÉ™ iÅŸÄ±q daimidir.
ğŸ‘‰ Evin qiymÉ™ti 250.000 AZN
ğŸ‘‰ ÆtraflÄ± mÉ™lumat Ã¼cÃ¼n É™laqÉ™ saxlaya bilÉ™rsiniz.
--------------------------------------------------
ğŸ‘‰ ĞœĞ¾ÑĞºĞ¾Ğ²ÑĞºĞ¸Ğ¹ Ğ¿Ñ€Ğ¾ÑĞ¿ĞµĞºÑ‚ 8, Ğ¯ÑĞ°Ğ¼Ğ°Ğ»ÑŒÑĞºĞ¸Ğ¹ Ñ€Ğ°Ğ¹Ğ¾Ğ½.
ğŸ‘‰ ĞšĞ²Ğ°Ñ€Ñ‚Ğ¸Ñ€Ğ° Ğ¿Ñ€Ğ¸Ğ½Ğ°Ğ´Ğ»ĞµĞ¶Ğ¸Ñ‚ ""MAÄ°N ĞœĞ¢Ğš"" Ğ² Ğ¨Ğ°Ğ¼Ğ°Ñ…Ğ¸Ğ½ĞºĞµ, Ğ²Ğ¾Ğ·Ğ»Ğµ Ğ¼ĞµÑ‚Ñ€Ğ¾ 20 Ğ¯Ğ½Ğ²Ğ°Ñ€Ñ.
ğŸ‘‰ 5-ĞºĞ¾Ğ¼Ğ½Ğ°Ñ‚Ğ½Ğ°Ñ ĞºĞ²Ğ°Ñ€Ñ‚Ğ¸Ñ€Ğ° Ğ¿Ğ»Ğ¾Ñ‰Ğ°Ğ´ÑŒÑ 160 ĞºĞ².Ğ¼ Ğ½Ğ° 5 ÑÑ‚Ğ°Ğ¶Ğµ 21-ÑÑ‚Ğ°Ğ¶Ğ½Ğ¾Ğ³Ğ¾ Ğ´Ğ¾Ğ¼Ğ°
ğŸ‘‰ Ğ’ Ñ€ĞµĞ¼Ğ¾Ğ½Ñ‚Ğµ Ğ¸ÑĞ¿Ğ¾Ğ»ÑŒĞ·Ğ¾Ğ²Ğ°Ğ»Ğ¸ÑÑŒ ĞºĞ°Ñ‡ĞµÑÑ‚Ğ²ĞµĞ½Ğ½Ñ‹Ğµ Ğ¼Ğ°Ñ‚ĞµÑ€Ğ¸Ğ°Ğ»Ñ‹
ğŸ‘‰ ĞšĞ¾Ğ¼Ğ½Ğ°Ñ‚Ñ‹ Ğ¿Ñ€Ğ¾ÑÑ‚Ğ¾Ñ€Ğ½Ñ‹Ğµ Ğ¸ ÑĞ²ĞµÑ‚Ğ»Ñ‹Ğµ. Ğ•ÑÑ‚ÑŒ 2 Ğ²Ğ°Ğ½Ğ½Ñ‹Ğµ ĞºĞ¾Ğ¼Ğ½Ğ°Ñ‚Ñ‹. Ğ•Ğ³Ğ¾ Ñ€Ğ°Ğ·Ğ¼ĞµÑ‰Ğ°ÑÑ‚ Ğ½Ğ° ÑˆÑ‚Ğ¾Ñ€Ğ°Ñ… Ğ´Ğ¾Ğ¼Ğ°. Ğ“Ğ°Ğ· Ğ²Ğ¾Ğ´Ğ° Ğ¸ ÑĞ²ĞµÑ‚ Ğ¿Ğ¾ÑÑ‚Ğ¾ÑĞ½Ğ½Ğ¾.
ğŸ‘‰ Ğ¦ĞµĞ½Ğ° Ğ´Ğ¾Ğ¼Ğ° 250 000
ğŸ‘‰ Ğ’Ñ‹ Ğ¼Ğ¾Ğ¶ĞµÑ‚Ğµ ÑĞ²ÑĞ·Ğ°Ñ‚ÑŒÑÑ Ğ´Ğ»Ñ Ğ¿Ğ¾Ğ»ÑƒÑ‡ĞµĞ½Ğ¸Ñ Ğ´Ğ¾Ğ¿Ğ¾Ğ»Ğ½Ğ¸Ñ‚ĞµĞ»ÑŒĞ½Ğ¾Ğ¹ Ğ¸Ğ½Ñ„Ğ¾Ñ€Ğ¼Ğ°Ñ†Ğ¸Ğ¸.",2962,Yasamal bazarÄ±,Ä°nÅŸaatÃ§Ä±lar m.,Yasamal r.,,,,
3475735,2023-05-11,Yeni tikili,3 / 16,70 mÂ²,2,var,138 000AZN,vasitÉ™Ã§i (agent),"Premium klas ÅÉ™rq-QÉ™rb MTK yeni tikili binada 2 otaqlÄ± tam tÉ™mirli mÉ™nzil satÄ±lÄ±r. TÉ™mir yÃ¼ksÉ™k keyfiyyÉ™tlÉ™ ÅŸÉ™xsi istifadÉ™ Ã¼Ã§Ã¼n edilib, bahalÄ± materiallardan istifadÉ™ olunub, bÃ¼tÃ¼n ev isti dÃ¶ÅŸÉ™mÉ™lidir. 
Bina su, qaz, iÅŸÄ±qla fasilÉ™siz tÉ™chiz olunur. Ä°stilik sistemi kombidir. HÉ™yÉ™t 24 saat kamera mÃ¼ÅŸahidÉ™sindÉ™dir vÉ™ mÃ¼hafizÉ™ tÉ™rÉ™findÉ™n qorunur. BinanÄ±n yerÃ¼stÃ¼ vÉ™ yeraltÄ± dayanacaÄŸÄ± var, hÉ™yÉ™tdÉ™ uÅŸaq meydanÃ§asÄ± mÃ¶vcuddur. 
HÉ™zi aslanov vÉ™ ÆhmÉ™dli metrolarÄ±na 2-3 dÉ™q piyada yoldur. 
SÉ™nÉ™d Ã‡IXARIÅDIR. 
Ä°potekaya yararlÄ±dÄ±r.
Ofisin xidmÉ™t haqqÄ± 1%",87,Ukrayna dairÉ™si,ÆhmÉ™dli m.,HÉ™zi Aslanov m.,XÉ™tai r.,,,
3355661,2023-05-11,Yeni tikili,8 / 16,85 mÂ²,2,var,152 000AZN,vasitÉ™Ã§i (agent),Qara QarayevdÉ™ yerlÉ™ÅŸÉ™n yeni tikili binada qanuni 2 otaqlÄ± tÉ™mirli mÉ™nzil satÄ±ÅŸa tÉ™qdim olunur.MÉ™nzilin Ã¼mumi sahÉ™si  85 kv m di.KupÃ§ada 85 kv m qeyd edilib..Qaz su iÅŸiq daimidi.MÉ™nzilÉ™ baxmaq Ã¼Ã§Ã¼n buyurub É™laqÉ™ saxlaya bilÉ™rsiniz.XidmÉ™t haqqÄ± 1 %,1518,Qara Qarayev m.,Nizami r.,,,,,
3475908,2023-05-11,KÃ¶hnÉ™ tikili,6 / 9,110 mÂ²,4,var,173 000AZN,vasitÉ™Ã§i (agent),"Bineqedi Rayonu Azadliq pr 189 unvaninda Avrasiya klinkasinin usdunde 9 mertebeli lelinqrad lahiyeli  binanin 6 ci mertebesinde 4 otaqli orta temirli menzil satilir.qaz,su,isiq,lift daymidir.binanin damafonlu giris qapisi ve yenilenmis lifti var.ipotekaya yararlidir.
daha etrafli buyurub elaqe saxlaya bilersiniz!!
",255,AzadlÄ±q Prospekti m.,NÉ™simi m.,BinÉ™qÉ™di r.,8-ci mikrorayon q.,,,
3091581,2023-05-11,Yeni tikili,10 / 16,97 mÂ²,3,var,198 000AZN,vasitÉ™Ã§i (agent),"Ä°nÅŸaatÃ§Ä±lar metrosunun yaxinliÄŸinda, Baku molun yaninda yerlÉ™ÅŸÉ™n binada, 2 otaqdan 3 otaÄŸa dÉ™yiÅŸdirilmiÅŸ, 3 otaqli tam tÉ™mirli, É™ÅŸyali, 97 kv olan mÉ™nzil satilir. QiymÉ™ti 198000 man.",315,Ä°nÅŸaatÃ§Ä±lar m.,Yasamal r.,,,,,
3462940,2023-05-11,KÃ¶hnÉ™ tikili,3 / 5,70 mÂ²,3,var,150 000AZN,vasitÉ™Ã§i (agent),"
NÉ™rimanov rayonu, GÉ™nclik metrosunun Ã§Ä±xÄ±ÅŸÄ±nda, GÉ™nclik Malla Ã¼zbÉ™Ã¼z binada, XruÅŸevka lahiyÉ™li 5 mÉ™rtÉ™bÉ™li daÅŸ binanÄ±n 3-cÃ¼ mÉ™rtÉ™bÉ™sindÉ™, Ã¼mumi sahÉ™si 70 kv/m olan, yaxÅŸÄ± tÉ™mirli qanuni 2 otaqlÄ± mÉ™nzil satÄ±lÄ±r. MÉ™nzilin 20 kv artÄ±rmasÄ± var. Qaz, su, iÅŸÄ±q daimidir. MÉ™nzil orta blokda yerlÉ™ÅŸir, skvaznoydur, alÄ±b kirayeyÉ™ vermÉ™k Ã¼Ã§Ã¼n ideal tÉ™klifdir. Bina bÃ¼tÃ¼n infrastukturlara yaxÄ±n É™razidÉ™ yerlÉ™ÅŸir. SÉ™nÉ™d KupÃ§adÄ±r. QiymÉ™t 150.000 Azn",797,GÉ™nclik m.,Respublika stadionu,NÉ™rimanov r.,,,,
3416612,2023-05-11,Yeni tikili,15 / 16,124.6 mÂ²,3,var,245 000AZN,mÃ¼lkiyyÉ™tÃ§i,Satilir 3 otagli yeni tikli pod mayak Åah ismayil Xatai de. Metroya 5 degigelik mesafede. Fovgalada ile uzbe uz cox ideyal yerdedir.Ã–z evimdir kupca var 2 ildir ki yashayish var binada.qiymeti  245000 manat.,881,Åah Ä°smayÄ±l XÉ™tai m.,XÉ™tai r.,AÄŸ ÅŸÉ™hÉ™r q.,,,,
3481336,2023-05-11,KÃ¶hnÉ™ tikili,4 / 9,80 mÂ²,3,var,132 000AZN,vasitÉ™Ã§i (agent),"MÃœLK SAHÄ°BÄ° ALLAHDIR!!!
Xetai Rayonu Gence pr-de Xezerin kruqundan 100 metr aralida yerlesen Hezi Aslanov m.st 15 deq mesafede Kohne Tikili Binada 9/4 mertebesinde umumi sahesi 80 m.kv olan 3 otaqli yaxsi tam temirli menzil satilir. Yaxinliginda mekteb,usaq baxcasi,klinika,polikninka ,aptek,supermarketler,iri ticaret merkezleri ve s.diger iase obyektleri movcuddur. Qaz,su,isiq daimdir.Sened Kupcadir.Ipatekaya yararlidir.Qiymet 132000 azn.
",12,HÉ™zi Aslanov m.,XÉ™tai r.,ÆhmÉ™dli q.,,,,
3481332,2023-05-11,KÃ¶hnÉ™ tikili,2 / 4,40 mÂ²,1,var,117 000AZN,mÃ¼lkiyyÉ™tÃ§i,yeni temirlidir artirmaga elave yeri var,15,Åah Ä°smayÄ±l XÉ™tai m.,XÉ™tai r.,,,,,
3481335,2023-05-11,Yeni tikili,5 / 6,55 mÂ²,2,yoxdur,141 500AZN,vasitÉ™Ã§i (agent),"TÉ™cili satilir !!

HÉ™sÉ™n Æliyev (Ä°nqlab) kÃ¼Ã§, Tibb Universiteti, ASAN XidmÉ™t vÉ™ Avrasiya HospitalÄ±n yanÄ± London EvlÉ™ri proyekti ilÉ™ inÅŸa edilmiÅŸ Prestij Binada 50 Kv/m 2 OtaqlÄ± (Studio) MÉ™nzil SatÄ±lÄ±r.
MÉ™nzilin mÉ™rtÉ™bÉ™si 5 dir (Bina 6 MÉ™rtÉ™bÉ™dir 6cÄ± mÉ™rtÉ™bÉ™ tam yaÅŸayÄ±ÅŸdÄ±r).
GeniÅŸ hÉ™yÉ™t, yaÅŸÄ±llÄ±q.
MÉ™nzil tÉ™mirdÉ™n yeni Ã§Ä±xÄ±b vÉ™ tÉ™mirdÉ™n sonra yaÅŸayÄ±ÅŸ olmayÄ±b.
QAZ, Ä°ÅŸÄ±q, Su daimidir...
BinanÄ±n yeraltÄ± 2 mÉ™rtÉ™bÉ™ PARKÄ°NG xidmÉ™ti var

SÉ™nÉ™dlÉ™r: MÃ¼qavilÉ™, MaliyyÉ™ ArayÄ±ÅŸÄ±, MÃ¼hasibatlÄ±q QÉ™bzi.
Avgustun SonunadÉ™k Ã‡IXARIÅ verilÉ™cÉ™k...
ofisin xidmet haqqi 1%",13,Tibb Universiteti,ASAN XidmÉ™t â„–1,NÉ™simi r.,,,,
3481305,2023-05-11,Yeni tikili,8 / 22,156 mÂ²,3,var,265 000AZN,mÃ¼lkiyyÉ™tÃ§i,"Tibb universiteti, 1 saylÄ± Asan  xidmÉ™tin yanÄ±.
Yeni tikili
3 otaqlÄ± 156 kv.m.
TÉ™mirsiz
HÉ™r 2 tÉ™rÉ™fÉ™ eyvanÄ± var.
22 mÉ™rtÉ™bÉ™nin 8 ci mÉ™rtÉ™bÉ™sindÉ™
Ã‡Ä±xarÄ±ÅŸ var ( kupÃ§a)
QÄ°YMÆT 265000 AZN",15,ASAN XidmÉ™t â„–1,Tibb Universiteti,NÉ™simi r.,,,,
3481304,2023-05-11,Yeni tikili,8 / 21,150 mÂ²,3,var,455 000AZN,vasitÉ™Ã§i (agent)," Elmler metrosu yaxinliginda 21 mertebeli  binanin 8ci mertebesinde ela temirli  3 otaqli menzil satilir. Menzilin umumi sahesi  150kv/m. Ä°stilik sistemi kombidir. Bina geniÅŸ infrastruktura malikdir hem ÅŸehere Ã§Ä±xÄ±ÅŸ imkanlarÄ± cehetden hemde ki  iaÅŸÉ™ obyektlÉ™rinÉ™ vÉ™ digÉ™r yaÅŸayÄ±ÅŸ Ã¼Ã§Ã¼n zÉ™ruri olan tÉ™lÉ™blÉ™ri Ã¶dÉ™yir. ÆlavÉ™ mÉ™lumat Ã¼Ã§Ã¼n É™laqÉ™ saxlaya bilÉ™rsiz. Menzilin senedi KUPCADI. 
Qiymet: 455000AZN.
",13,BakÄ± DÃ¶vlÉ™t Universiteti,ElmlÉ™r AkademiyasÄ± m.,Yasamal r.,,,,
3481330,2023-05-11,KÃ¶hnÉ™ tikili,1 / 5,105 mÂ²,4,var,235 000AZN,vasitÉ™Ã§i (agent),"TÆCÄ°LÄ° SATILIR

Bina Ä°brahimpaÅŸa DadaÅŸov kÃ¼Ã§É™sindÉ™ azadlÄ±q metro stansiyasÄ±na 8 dÉ™qiqÉ™lik mÉ™safÉ™dÉ™ yerlÉ™ÅŸir

BinanÄ±n proyekti LelinqraddÄ±r 5 mÉ™rtÉ™bÉ™li binanÄ±n 1 ci mÉ™rtÉ™bÉ™sindÉ™ mÉ™nzilimiz yerlÉ™ÅŸir
MÉ™nzil É™la tÉ™mirlidir 105 kvm dir 4 otaq vÉ™ mÉ™nzilin Ã¶zÃ¼nÃ¼n kiÃ§ik mÉ™hÉ™llÉ™si + anbarÄ± mÃ¶vcuddur
(MÉ™hÉ™llÉ™ qiymÉ™tÉ™ daxildir)

BinanÄ±n É™trafÄ±nda mÉ™ktÉ™b, uÅŸaq baÄŸÃ§asÄ±, alÄ±ÅŸ veriÅŸ mÉ™rkÉ™zlÉ™ri var

Ã‡IXARIÅI VAR VÆ Ä°POTEKAYA YARARLIDIR

Binada qaz su iÅŸÄ±q daimidir

Wp 7/24 aktivdir
ÆlavÉ™ mÉ™lumat Ã¼Ã§Ã¼n zÉ™ng edÉ™ bilÉ™rsiniz
ÅirkÉ™t haqqÄ±1%
",14,AzadlÄ±q Prospekti m.,BinÉ™qÉ™di r.,8-ci mikrorayon q.,,,,
3481329,2023-05-11,Yeni tikili,9 / 15,194 mÂ²,3,var,355 000AZN,vasitÉ™Ã§i (agent),"TÆÆCÄ°LÄ° SATILIR !!!
XÉ™tai rayonu, Ali MÉ™hkÉ™mÉ™nin yaxÄ±nlÄ±ÄŸÄ±nda, qazlÄ±, KUPÃ‡ALI yeni tikilidÉ™, 3 otaqlÄ±, Ã¼mumi sahÉ™si 194 kv mÉ™nzil satÄ±lÄ±r. MÉ™nzil 15 mÉ™rtÉ™bÉ™li binanÄ±n 9-cu mÉ™rtÉ™bÉ™sindÉ™ yerlÉ™ÅŸir. MÉ™nzilin geniÅŸ, iÅŸÄ±qlÄ± otaqlarÄ±, kombi isitmÉ™ sistemi, bÃ¶yÃ¼k zalÄ±, 2 sanitar qovÅŸaÄŸÄ±, sÉ™ssiz, sÃ¼rÉ™tli liftlÉ™ri, 24 saat mÃ¼hafizÉ™ xidmÉ™ti, avtoparkinqi var. Bina É™razi cÉ™hÉ™tdÉ™n bÃ¶yÃ¼k infrastruktura malikdir. 
QÄ°YMÆTÄ° 355 000 AZN   
------------------------------
Ğ¡Ğ ĞĞ§ĞĞ ĞŸĞ ĞĞ”ĞĞ•Ğ¢Ğ¡Ğ¯ !!!
Ğ’ Ğ¥Ğ°Ñ‚Ğ°Ğ¸Ğ½ÑĞºĞ¾Ğ¼ Ñ€Ğ°Ğ¹Ğ¾Ğ½Ğµ, Ğ²Ğ¾Ğ·Ğ»Ğµ Ğ’ĞµÑ€Ñ…Ğ¾Ğ²Ğ½Ğ¾Ğ³Ğ¾ ÑÑƒĞ´Ğ°, Ğ² Ğ½Ğ¾Ğ²Ğ¾ÑÑ‚Ñ€Ğ¾Ğ¹ĞºĞµ Ñ Ğ³Ğ°Ğ·Ğ¾Ğ¼ Ğ¸ ĞšĞ£ĞŸĞ§Ğ•Ğ™ Ğ¿Ñ€Ğ¾Ğ´Ğ°ĞµÑ‚ÑÑ 3-ĞºĞ¾Ğ¼Ğ½Ğ°Ñ‚Ğ½Ğ°Ñ ĞºĞ²Ğ°Ñ€Ñ‚Ğ¸Ñ€Ğ° Ğ¾Ğ±Ñ‰ĞµĞ¹ Ğ¿Ğ»Ğ¾Ñ‰Ğ°Ğ´ÑŒÑ 194 ĞºĞ².Ğ¼. ĞšĞ²Ğ°Ñ€Ñ‚Ğ¸Ñ€Ğ° Ñ€Ğ°ÑĞ¿Ğ¾Ğ»Ğ¾Ğ¶ĞµĞ½Ğ° Ğ½Ğ° 9-Ğ¾Ğ¼ ÑÑ‚Ğ°Ğ¶Ğµ 15 ÑÑ‚Ğ°Ğ¶Ğ½Ğ¾Ğ³Ğ¾ Ğ·Ğ´Ğ°Ğ½Ğ¸Ñ. Ğ˜Ğ¼ĞµĞµÑ‚ÑÑ Ğ¿Ñ€Ğ¾ÑÑ‚Ğ¾Ñ€Ğ½Ñ‹Ğµ, ÑĞ²ĞµÑ‚Ğ»Ñ‹Ğµ ĞºĞ¾Ğ¼Ğ½Ğ°Ñ‚Ñ‹, ĞºĞ¾Ğ¼Ğ±Ğ¸Ğ½Ğ¸Ñ€Ğ¾Ğ²Ğ°Ğ½Ğ½Ğ¾Ğµ Ğ¾Ñ‚Ğ¾Ğ¿Ğ»ĞµĞ½Ğ¸Ğµ, Ğ±Ğ¾Ğ»ÑŒÑˆĞ¾Ğ¹ Ğ·Ğ°Ğ», 2 ÑĞ°Ğ½ÑƒĞ·Ğ»Ğ°, ÑĞºĞ¾Ñ€Ğ¾ÑÑ‚Ğ½Ñ‹Ğµ Ğ±ĞµÑÑˆÑƒĞ¼Ğ½Ñ‹Ğµ Ğ»Ğ¸Ñ„Ñ‚Ñ‹, ĞºÑ€ÑƒĞ³Ğ»Ğ¾ÑÑƒÑ‚Ğ¾Ñ‡Ğ½Ğ°Ñ Ğ¾Ñ…Ñ€Ğ°Ğ½Ğ°, Ğ¿Ğ°Ñ€ĞºĞ¾Ğ²ĞºĞ°. Ğ¢ĞµÑ€Ñ€Ğ¸Ñ‚Ğ¾Ñ€Ğ¸Ñ Ğ·Ğ´Ğ°Ğ½Ğ¸Ğ¸ Ğ¸Ğ¼ĞµĞµÑ‚ Ğ¾Ñ‡ĞµĞ½ÑŒ Ñ€Ğ°Ğ·Ğ²Ğ¸Ñ‚ÑƒÑ Ğ¸Ğ½Ñ„Ñ€Ğ°ÑÑ‚Ñ€ÑƒĞºÑ‚ÑƒÑ€Ñƒ.
Ğ¦Ğ•ĞĞ 355 000 ĞĞ—Ğ",12,Åah Ä°smayÄ±l XÉ™tai m.,XÉ™tai r.,,,,,
3481328,2023-05-11,Yeni tikili,2 / 12,75 mÂ²,2,var,146 000AZN,vasitÉ™Ã§i (agent),"Neftcilerde,Ä°cra hakimiyyetinin arxasinda,Sahinler Mtk ,12/2 -de ,1 otaqdan 2-e dÃ¼zelme,70 kv supertemirli menzil satÄ±lÄ±r .Ela sort palÄ±d parket,Ä°taliya divar kagÄ±zlarÄ±,Rusiya istehsalÄ± taxta qapÄ±lar,kombi istilik sistemi, ehtiyat Ã¼cÃ¼n Ariston ve su ceni de qoyulub .Kupca var ,texpasport da alÄ±nÄ±b",13,NeftÃ§ilÉ™r m.,Nizami r.,,,,,
3481327,2023-05-11,Yeni tikili,16 / 22,80 mÂ²,2,var,157 000AZN,vasitÉ™Ã§i (agent),"Menzil Xetai Park yaÅŸayÄ±ÅŸ kompleksindÉ™ yerlÉ™ÅŸir.
22 mertebenin 16 da yerlewir. 
Temirden sora demek olar yawayis olmayib. Radnoy 2 otaq metbexi ayri 2 balkonu var. Xezerin kuruquna catmamiwdir . 
Qaz su iwiq daimi 3 suretli lifti var bina yenidir. 
Ewyasiz satilir sadece kuxna mebeli qalacaq.
Ofisin xidmÉ™t haqqÄ± 1%",14,XÉ™tai r.,HÉ™zi Aslanov q.,,,,,
3219340,2023-05-11,Yeni tikili,3 / 20,536 mÂ²,4,var,1 700 000AZN,vasitÉ™Ã§i (agent),"ğŸ‘‰ XÉ™tai rayonu, Yermalenko kÃ¼Ã§É™si, SevgililÉ™r parkÄ±n yaxÄ±nlÄ±ÄŸÄ±
ğŸ‘‰ 4 otaqlÄ± 536 MÂ² luks tÉ™mirli mÉ™nzil
ğŸ‘‰ TÉ™mirdÉ™ yÃ¼ksÉ™k kefiyyÉ™tli materiallardan istifadÉ™ olunub
ğŸ‘‰ 4 Qarderob otaÄŸÄ±, 2 geniÅŸ eyvan, 4 sanitar qovÅŸaq
ğŸ‘‰ LiftlÉ™rin sayÄ± 2
ğŸ‘‰ YeraltÄ± qarajÄ± var
ğŸ‘‰MÃ¼hafizÉ™ 7/24
ğŸ‘‰Qaz, su, iÅŸÄ±q
ğŸ‘‰ MÉ™nzildÉ™ internet, Domofon
ğŸ‘‰ Evin qiymÉ™ti 1 700 000 AZN
ğŸ‘‰ Evin sÉ™nÉ™di kupÃ§a
ğŸ‘‰ ÆtraflÄ± mÉ™lumat Ã¼cÃ¼n É™laqÉ™ saxlaya bilÉ™rsiniz.",2645,Åah Ä°smayÄ±l XÉ™tai m.,XÉ™tai r.,,,,,
3481309,2023-05-11,KÃ¶hnÉ™ tikili,6 / 9,60 mÂ²,2,var,136 000AZN,vasitÉ™Ã§i (agent),"MÃœLK SAHÄ°BÄ° ALLAHDIR!!!
Xetai Rayonu Ehmedli m.st 5 deq mesafede Sarayevo kucesinde Kohne Tikili Binada 9/6 mertebesinde umumi sahesi 60 m.kv olan 2 otaqli super tam temirli ve tam esyali menzil satilir. Yaxinliginda mekteb,usaq baxcasi,klinika,polikninka ,aptek,supermarketler,iri ticaret merkezleri ve s.diger iase obyektleri movcuddur. Qaz,su,isiq daimdir.Sened Kupcadir.Ipatekaya yararlidir.Qiymet 136000 azn.
",13,ÆhmÉ™dli m.,XÉ™tai r.,ÆhmÉ™dli q.,,,,
3481325,2023-05-11,KÃ¶hnÉ™ tikili,5 / 9,60 mÂ²,3,var,125 000AZN,vasitÉ™Ã§i (agent),"KUPÃ‡A + Ä°POTEKAYA YARARLI!!!

SÉ™rhÉ™dÃ§inin arxasÄ±nda, Xalqlar metrosuna 5 dÉ™q mÉ™safÉ™dÉ™ KÃ¶hnÉ™ Tikili KÄ°YEV layihÉ™li 9 mÉ™rtÉ™bÉ™li binanÄ±n 5-Ci mÉ™rtÉ™bÉ™sindÉ™ QANUNÄ° 2 otaqlÄ± mÉ™nzil satÄ±lÄ±Ä±r. Qaz, Su, Ä°ÅŸÄ±q daimidir. BÃ¼tÃ¼n sÉ™nÉ™dlÉ™ri qaydasÄ±ndadÄ±r. 

Ofis xidmÉ™t haqqÄ± 1%",12,Xalqlar DostluÄŸu m.,ÆhmÉ™dli m.,XÉ™tai r.,,,,
3481039,2023-05-11,Yeni tikili,15 / 16,60 mÂ²,2,yoxdur,205 000AZN,vasitÉ™Ã§i (agent),"ÅÆHÆRÄ°N MÆRKAZÄ°NDÆ TÆCÄ°LÄ° MÆNZÄ°L SATILIR!!!

Evim Residence 16 mÉ™rtÉ™bÉ™li binanÄ±n 15-ci mÉ™rtÉ™bÉ™sindÉ™ ÆLA TÆMÄ°RLÄ° MÉ™nzil satÄ±lÄ±r.

â–º SahÉ™si 60 m2.
â–º Qaz,Su,Ä°ÅŸÄ±q daimidir!
â–º SÉ™nÉ™d MÃ¼qavilÉ™!
â–º ÆÅŸyalÄ±!

ÆtraflÄ± mÉ™lumat Ã¼Ã§Ã¼n zÉ™ng edib ve ya WhatsApp ilÉ™dÉ™ É™laqÉ™ saxlaya bilÉ™rsiniz.

Real alÄ±cÄ±lara qiymÉ™tdÉ™ endirim olunacaq.

Ofis HaqqÄ± 1%",36,Rusiya sÉ™firliyi,Sevil QazÄ±yeva parkÄ±,ZabitlÉ™r parkÄ±,Nizami m.,NÉ™simi r.,,
3481319,2023-05-11,Yeni tikili,4 / 4,60 mÂ²,2,var,85 000AZN,vasitÉ™Ã§i (agent),"XÄ±rdalan ÅŸÉ™hÉ™rinin giriÅŸindÉ™ yerlÉ™ÅŸÉ™n H.Æliyev prospektindÉ™ Yeni Tikili Apartman tipli 4 mÉ™rtÉ™bÉ™li binanÄ±n 4-cÃ¼ mÉ™rtÉ™bÉ™sindÉ™ 2 otaq 60 kv olan Ã§ox gÃ¶zÉ™l bir mÉ™nzil satÄ±ÅŸa Ã§Ä±xarÄ±lÄ±b.""Mansart deyil""
MÉ™nzil yeni tÉ™mirdÉ™n Ã§Ä±xÄ±b,Ã§ox gÃ¶zÉ™l ÅŸÉ™raiti var,É™ÅŸyalÄ±dÄ±r.
Bina kamera sistemi ilÉ™ tÉ™hciz olunub.Qaz,su, iÅŸÄ±q daimidir.
ÅÉ™hÉ™rÉ™ gÉ™lÉ™n avtobus xÉ™ttlÉ™ri yanÄ±ndan keÃ§ir.
BinanÄ±n É™trafÄ±nda ehtiyyac olacaq bÃ¼tÃ¼n iaÅŸÉ™ obyektlÉ™ri mÃ¶vcuddur.

ÆtraflÄ± mÉ™lumat Ã¼Ã§Ã¼n qeyd olunan nÃ¶mrÉ™ ilÉ™ É™laqÉ™ saxlaya bilÉ™rsiniz

Ofis XidmÉ™t HaqqÄ± 1%.
",13,AbÅŸeron r.,,,,,,
3481306,2023-05-11,Yeni tikili,15 / 16,190 mÂ²,4,var,330 000AZN,vasitÉ™Ã§i (agent),"Nerimanov rayonu tebriz kucesi tefekkur universiteti iyle uzbe uz duz yolun ustunde yerlesen 190 kv metr olan 16/15 mertebesinde yerlesen 4 otaq iki sanuzel mohtesem kenislikde ve tam ideal temirli menzil satilir menzil qaz su isiq daima var kubca var menzil keyfiyetli tikinti matrealarla temir olunub

ofisin xidmÉ™t haqqi 1%",12,ÅÉ™rq bazarÄ±,NÉ™rimanov r.,,,,,
3434667,2023-05-11,Yeni tikili,2 / 3,49.4 mÂ²,1,var,37 050AZN,mÃ¼lkiyyÉ™tÃ§i,"MÉ™nzillÉ™r AbÅŸeron rayonu, MasazÄ±r qÉ™sÉ™bÉ™si yoncalÄ±q deyilÉ™n É™razidÉ™ yerlÉ™ÅŸir. MasazÄ±r dairÉ™sindÉ™ birinci Araz MarketdÉ™n saÄŸa dÃ¶nÃ¼b yuxarÄ± qalxdÄ±qda 6 saylÄ± mÉ™ktÉ™bin yaxÄ±nlÄ±ÄŸÄ±nda yerlÉ™ÅŸir. SatÄ±ÅŸda 2 otaqlÄ± vÉ™ mÃ¼xtÉ™lif sahÉ™dÉ™ mÉ™nzillÉ™rimizdÉ™ mÃ¶vcuddur. TÉ™mirli vÉ™ ya ÅŸÉ™kildÉ™ gÃ¶rdÃ¼yÃ¼nÃ¼z kimi mÉ™nzillÉ™rÉ™ sahib ola bilÉ™rsiniz. NaÄŸd vÉ™ daxili kredit yolu ilÉ™ satÄ±lÄ±r.",2445,AbÅŸeron r.,MasazÄ±r q.,,,,,
3371691,2023-05-11,KÃ¶hnÉ™ tikili,2 / 5,58 mÂ²,3,var,112 500AZN,vasitÉ™Ã§i (agent),"TECILI SATILIR !!!
Memar ecemi metrosuna ayaqla 3 deqelik mesafede SONTI marketin arxasinda 
5 mertebeli das binanin 2 ci mertebesinde
temirli menzil satilir
kupca var
etrafli melumat ucun elaqe saxliyin 

SIRKETIN XIDMET HAQQI 1%",621,Memar ÆcÉ™mi m.,NÉ™simi r.,,,,,
3348211,2023-05-11,Yeni tikili,22 / 24,105 mÂ²,3,var,220 000AZN,vasitÉ™Ã§i (agent),"Ã‡OX Ã‡OX TECÄ°LÄ°!
XÉ™tai metrosu yaxinliginda  FÉ™zail Bayramov kuÃ§esindÉ™ tam temirli menzil satilir.SÉ™nÉ™dlÉ™ri qaydasindadir alqi-satqiya tam hazirdir.KUPÃ‡ASÄ° VAR.Qaz,Su,Ä°ÅŸiq daimidir.Ætrafinda obyektlÉ™r,supermarketlÉ™r,baxÃ§a,mÉ™ktÉ™blÉ™r mÃ¶vcuddur.Real alicilara endirim yeri var.Ælave mÉ™lumat uÃ§un É™laqÉ™ saxlaya bilÉ™rsiz.
OFÄ°S HAQQÄ° 1%",272,Åah Ä°smayÄ±l XÉ™tai m.,XÉ™tai r.,,,,,
3481315,2023-05-11,KÃ¶hnÉ™ tikili,3 / 5,80 mÂ²,3,var,180 000AZN,vasitÉ™Ã§i (agent),"Nesimi Rayonu TÄ°blisi Praspektine Baxan Salyanski Kazrmanin Yaninda 5MertÉ™beli Ekispirimintalni Binanin 3MertÉ™besindÉ™ .3Otaqli SahÉ™si 80Kv.m Tam Temirli Ä°stilik Merkezidir Qazi Suyu Ä°siqi Daimidir Yaxinliqinda Mekteb Usaq Baxcasi Market Movcudur
",15,Ä°dman kompleksi,8 Noyabr m.,NÉ™simi r.,,,,
3166451,2023-05-11,Yeni tikili,10 / 18,450 mÂ²,6,var,1 700 000AZN,mÃ¼lkiyyÉ™tÃ§i,"NÉ™rimanov rayonu, TÉ™briz kÃ¼Ã§É™si 79 Ã¼nvanÄ±nda HeydÉ™r Æliyev MÉ™rkÉ™zinÉ™ panaromalÄ± 6 otaqlÄ±, tam É™ÅŸyalÄ±, 450 kv/m olan lÃ¼ks mÉ™nzili.
MÉ™nzilin xÃ¼susiyyÉ™tlÉ™ri:â¬‡ï¸
-450 kv/m, 6 otaq, 2 eyvan, 4 sanitar qovÅŸaq;
-GeniÅŸ vÉ™ iÅŸÄ±qlÄ± otaqlar;
-Tam tÉ™mirli;
-DÉ™hliz vÉ™ mÉ™tbÉ™xdÉ™ isti mÉ™rmÉ™r dÃ¶ÅŸÉ™mÉ™;
-3 qarderob;
-Home cinema;
-CamaÅŸÄ±rxana;
-XÃ¼susi mÃ¶hkÉ™mliyÉ™ vÉ™ davamlÄ±lÄ±ÄŸa malik tÉ™bii parketlÉ™r;
-Daimi qaz, su, iÅŸÄ±q, telefon vÉ™ internet tÉ™chizatÄ±;
-MÉ™nzil 18 mÉ™rtÉ™bÉ™li binanÄ±n 10-cu mÉ™rtÉ™bÉ™sindÉ™ yerlÉ™ÅŸir.
BinanÄ±n xÃ¼susiyyÉ™tlÉ™ri:â¬‡ï¸
-Blokda 2 lift mÃ¶vcuddur;
-AvtomobillÉ™r Ã¼Ã§Ã¼n yeraltÄ± qaraj mÃ¶vcuddur;
-24 saat tÉ™hlÃ¼kÉ™sizlik kamera sistemi mÃ¶vcuddur;
-Bina infrastruktur baxÄ±mÄ±ndan Ã§ox É™lveriÅŸli É™razidÉ™ - HeydÉ™r Æliyev mÉ™rkÉ™zi yanÄ±nda yerlÉ™ÅŸir;
Evin qiymÉ™ti 1.700.000 manat âœ”
Ciddi mÃ¼ÅŸtÉ™rilÉ™rÉ™ qiymÉ™tdÉ™ endirim olacaq;
ÆtraflÄ± mÉ™lumat Ã¼Ã§Ã¼n É™laqÉ™ saxlaya bilÉ™rsiniz.",4139,NÉ™riman NÉ™rimanov m.,NÉ™rimanov r.,,,,,
3481296,2023-05-11,Yeni tikili,15 / 17,70 mÂ²,2,var,138 000AZN,vasitÉ™Ã§i (agent),"TECILI SATILIR!!!
IPOTEKAYA YARARLI MENZIL!!!
Varovski dairesine yaxin
2 otaq tam temirli menzil
Nefes psixoloji merkezin binasi
Qaz,su,iwiq daimidir

Ofis xidmet haqqi 1%",17,NÉ™simi m.,AzadlÄ±q Prospekti m.,BinÉ™qÉ™di r.,,,,
3279902,2023-05-11,Yeni tikili,2 / 20,45.2 mÂ²,2,var,110 000AZN,vasitÉ™Ã§i (agent),"REAL ALICIYA ENDÄ°RÄ°M

HAZIR Ä°POTEKA MÆNZÄ°L  (Ä°lkin 60000azn 18 il ayda 470 azn Ã¶dÉ™niÅŸlÉ™) QalÄ±q 48000 AZN

Yasamal rayonu,Melissa Park yaÅŸayÄ±ÅŸ kompleksindÉ™ (20Yanvar m/s ya 5 dÉ™q mÉ™safÉ™) tÉ™mirli,2 otaqlÄ± mÉ™nzil satÄ±lÄ±r.
MÉ™nzilin giriÅŸi,mÉ™tbÉ™x,hamam vÉ™ balkonu isti dÃ¶ÅŸÉ™mÉ™ ilÉ™ dÃ¶ÅŸÉ™dilmiÅŸdir.BinanÄ±n 5 mÉ™rtÉ™bÉ™li yeraltÄ± avtomobil dayanacaÄŸÄ±, 3 É™dÉ™d sÃ¼rÉ™tli lifti (dayanacaqdan lift vasitÉ™silÉ™ birbaÅŸa evÉ™ giriÅŸ) 24 saat mÃ¼hafizÉ™ xidmÉ™ti,daimi kamera sistemi, fasilÉ™siz qaz,su,iÅŸÄ±q, yanÄŸÄ±ndan mÃ¼hafizÉ™ sistemi var. QiymÉ™t endirilmiÅŸ qiymÉ™tdir.

OFÄ°S XÄ°DMÆT HAQQI 1%",211,20 Yanvar m.,Yasamal r.,Yasamal q.,,,,
3461266,2023-05-11,Yeni tikili,3 / 17,204 mÂ²,4,var,268 000AZN,vasitÉ™Ã§i (agent),"TÆCÄ°LÄ° SATILIR !!!

KÄ°PÃ‡ALI !!!

AzadlÄ±q prospekti, Vorovskiy dairÉ™si, É™sas yolun Ã¼stÃ¼ndÉ™, â€œÄ°nÅŸaatÃ§Ä±-Aâ€ MTK-da 17 mÉ™rtÉ™bÉ™li YENÄ° TÄ°KÄ°LÄ° BÄ°NANIN 3-cÃ¼ mÉ™rtÉ™bÉ™sindÉ™ ÆLA TÆMÄ°RLÄ° QANUNÄ° 4 OTAQLI MÆNZÄ°L Ã‡OX TÆCÄ°LÄ° SATILIR...MÉ™nzilin sÉ™nÉ™dlÉ™ri qaydasÄ±ndadÄ±r (KUPÃ‡A ) vÉ™ Ä°POTEKAYA TAM YARARLIDIR.. Binada mÃ¼asir texnologiyaya uyÄŸun sÉ™ssiz Sigma liftlÉ™r, 24 saat mÃ¼hafizÉ™ xidmÉ™ti vÉ™ mÃ¼ÅŸahidÉ™ kameralarÄ± var. Blokun giriÅŸi yeni tÉ™mir olunub, lift yenilÉ™nib. HÉ™yÉ™tindÉ™ uÅŸaqlar Ã¼Ã§Ã¼n oyun meydanÃ§asÄ± var. Avtoparking mÃ¶vcuddur. ÆlavÉ™ binanÄ±n altÄ±nda, parkinq mÉ™rtÉ™bÉ™sindÉ™ qapalÄ± qaraj da var. 
QAZ SU Ä°ÅIQ DAÄ°MÄ°DÄ°R..
MÉ™nzildÉ™ 2 sanuzel, 2 eyvan, ayrÄ±ca tÉ™hlÃ¼kÉ™sizlik kamerasÄ± var. 
 Ä°nfrastuktur cÉ™hÉ™tdÉ™n É™lveriÅŸli É™razidÉ™ yerlÉ™ÅŸir: 
REAL  ALICILAR ÆLAQÆ SAXLAYA BÄ°LÆR...

OFÄ°S HAQQI 1%",207,AzadlÄ±q Prospekti m.,BinÉ™qÉ™di r.,,,,,
3481298,2023-05-11,KÃ¶hnÉ™ tikili,2 / 9,100 mÂ²,4,var,187 000AZN,vasitÉ™Ã§i (agent),8 MKR CÉ™fÉ™r XÉ™ndan kÃ¼Ã§É™si 9/2 leninqrad proyekti 4 otaq yaxÅŸÄ± tÉ™mirli mÉ™nzil Ä°PATEKAYA yararli sened Cixarish 1 faiz ofis haqqi.,19,AzadlÄ±q Prospekti m.,BinÉ™qÉ™di r.,8-ci mikrorayon q.,,,,
